Symbol;Security;SEC filings;GICS Sector;ID Sector;GICS Sub-Industry;Headquarters Location;Date first added;CIK;Founded
AEE;Ameren Corp;reports;Utilities;11;Multi-Utilities;St. Louis, Missouri;19/09/1991;1002910;1902
AEP;American Electric Power;reports;Utilities;11;Electric Utilities;Columbus, Ohio;04/03/1957;4904;1906
AES;AES Corp;reports;Utilities;11;Independent Power Producers & Energy Traders;Arlington, Virginia;02/10/1998;874761;1981
ATO;Atmos Energy;reports;Utilities;11;Gas Utilities;Dallas, Texas;15/02/2019;731802;1906
AWK;American Water Works;reports;Utilities;11;Water Utilities;Camden, New Jersey;04/03/2016;1410636;1886
CMS;CMS Energy;reports;Utilities;11;Multi-Utilities;Jackson, Michigan;03/05/1999;811156;1886
CNP;CenterPoint Energy;reports;Utilities;11;Multi-Utilities;Houston, Texas;31/07/1985;1130310;1882
D;Dominion Energy;reports;Utilities;11;Electric Utilities;Richmond, Virginia;;715957;1983
DTE;DTE Energy;reports;Utilities;11;Multi-Utilities;Detroit, Michigan;04/03/1957;936340;1995
DUK;Duke Energy;reports;Utilities;11;Electric Utilities;Charlotte, North Carolina;30/06/1976;1326160;1904
ED;Consolidated Edison;reports;Utilities;11;Electric Utilities;New York City, New York;;1047862;1823
EIX;Edison International;reports;Utilities;11;Electric Utilities;Rosemead, California;04/03/1957;827052;1886
ES;Eversource Energy;reports;Utilities;11;Multi-Utilities;Hartford, Connecticut;;72741;1966
ETR;Entergy;reports;Utilities;11;Electric Utilities;New Orleans, Louisiana;04/03/1957;65984;1913
EVRG;Evergy;reports;Utilities;11;Electric Utilities;Kansas City, Missouri;05/06/2018;1711269;1909
EXC;Exelon;reports;Utilities;11;Multi-Utilities;Chicago, Illinois;04/03/1957;1109357;2000
FE;FirstEnergy;reports;Utilities;11;Electric Utilities;Akron, Ohio;;1031296;1997
LNT;Alliant Energy;reports;Utilities;11;Electric Utilities;Madison, Wisconsin;01/07/2016;352541;1917
NEE;NextEra Energy;reports;Utilities;11;Multi-Utilities;Juno Beach, Florida;30/06/1976;753308;1984 (1925)
NI;NiSource;reports;Utilities;11;Multi-Utilities;Merrillville, Indiana;;1111711;1912
NRG;NRG Energy;reports;Utilities;11;Independent Power Producers & Energy Traders;Houston, Texas;29/01/2010;1013871;1992
PEG;Public Service Enterprise Group;reports;Utilities;11;Electric Utilities;Newark, New Jersey;04/03/1957;788784;1903
PNW;Pinnacle West Capital;reports;Utilities;11;Multi-Utilities;Phoenix, Arizona;;764622;1985
PPL;PPL;reports;Utilities;11;Electric Utilities;Allentown, Pennsylvania;;922224;1920
SO;Southern Company;reports;Utilities;11;Electric Utilities;Atlanta, Georgia;04/03/1957;92122;1945
SRE;Sempra Energy;reports;Utilities;11;Multi-Utilities;San Diego, California;;1032208;1998
WEC;WEC Energy Group;reports;Utilities;11;Electric Utilities;Milwaukee, Wisconsin;31/10/2008;783325;1896
XEL;Xcel Energy;reports;Utilities;11;Multi-Utilities;Minneapolis, Minnesota;04/03/1957;72903;1909
AMT;American Tower;reports;Real Estate;10;Specialized REITs;Boston, Massachusetts;19/11/2007;1053507;1995
ARE;Alexandria Real Estate Equities;reports;Real Estate;10;Office REITs;Pasadena, California;20/03/2017;1035443;1994
AVB;AvalonBay Communities;reports;Real Estate;10;Residential REITs;Arlington, Virginia[3];10/01/2007;915912;1978
BXP;Boston Properties;reports;Real Estate;10;Office REITs;Boston, Massachusetts;03/04/2006;1037540;1970
CBRE;CBRE;reports;Real Estate;10;Real Estate Services;Dallas, Texas;10/11/2006;1138118;1906
CCI;Crown Castle;reports;Real Estate;10;Specialized REITs;Houston, Texas;14/03/2012;1051470;1994
DLR;Digital Realty Trust;reports;Real Estate;10;Specialized REITs;Austin, Texas;18/05/2016;1297996;2004
DRE;Duke Realty Corp;reports;Real Estate;10;Industrial REITs;Indianapolis, Indiana;26/07/2017;783280;1972
EQIX;Equinix;reports;Real Estate;10;Specialized REITs;Redwood City, California;20/03/2015;1101239;1998
EQR;Equity Residential;reports;Real Estate;10;Residential REITs;Chicago, Illinois;03/12/2001;906107;1969
ESS;Essex Property Trust;reports;Real Estate;10;Residential REITs;San Mateo, California;02/04/2014;920522;1971
EXR;Extra Space Storage;reports;Real Estate;10;Specialized REITs;Salt Lake City, Utah;19/01/2016;1289490;1977
FRT;Federal Realty Investment Trust;reports;Real Estate;10;Retail REITs;Rockville, Maryland;01/02/2016;34903;1962
HST;Host Hotels & Resorts;reports;Real Estate;10;Hotel & Resort REITs;Bethesda, Maryland;20/03/2007;1070750;1993
IRM;Iron Mountain;reports;Real Estate;10;Specialized REITs;Boston, Massachusetts;06/01/2009;1020569;1951
KIM;Kimco Realty;reports;Real Estate;10;Retail REITs;New Hyde Park, New York;04/04/2006;879101;1958
MAA;Mid-America Apartments;reports;Real Estate;10;Residential REITs;Memphis, Tennessee;02/12/2016;912595;1977
O;Realty Income Corporation;reports;Real Estate;10;Retail REITs;San Diego, California;07/04/2015;726728;1969
PEAK;Healthpeak Properties;reports;Real Estate;10;Health Care REITs;Long Beach, California;31/03/2008;765880;1985
PLD;Prologis;reports;Real Estate;10;Industrial REITs;San Francisco, California;17/07/2003;1045609;1983
PSA;Public Storage;reports;Real Estate;10;Specialized REITs;Glendale, California;19/08/2005;1393311;1972
REG;Regency Centers;reports;Real Estate;10;Retail REITs;Jacksonville, Florida;02/03/2017;910606;1963
SBAC;SBA Communications;reports;Real Estate;10;Specialized REITs;Boca Raton, Florida;01/09/2017;1034054;1989
SPG;Simon Property Group;reports;Real Estate;10;Retail REITs;Indianapolis, Indiana;26/06/2002;1063761;2003
UDR;UDR;reports;Real Estate;10;Residential REITs;Highlands Ranch, Colorado;07/03/2016;74208;1972
VNO;Vornado Realty Trust;reports;Real Estate;10;Office REITs;New York City, New York;;899689;1982
VTR;Ventas;reports;Real Estate;10;Health Care REITs;Chicago, Illinois;04/03/2009;740260;1998
WELL;Welltower;reports;Real Estate;10;Health Care REITs;Toledo, Ohio;30/01/2009;766704;1970
WY;Weyerhaeuser;reports;Real Estate;10;Specialized REITs;Seattle, Washington;;106535;1900
ALB;Albemarle Corporation;reports;Materials;9;Specialty Chemicals;Charlotte, North Carolina;01/07/2016;915913;1994
AMCR;Amcor;reports;Materials;9;Paper Packaging;Zurich, Switzerland;07/06/2019;1748790;2019 (1860)
APD;Air Products & Chemicals;reports;Materials;9;Industrial Gases;Allentown, Pennsylvania;30/04/1985;2969;1940
AVY;Avery Dennison;reports;Materials;9;Paper Packaging;Glendale, California;31/12/1987;8818;1990
BLL;Ball Corp;reports;Materials;9;Metal & Glass Containers;Broomfield, Colorado;31/10/1984;9389;1880
CE;Celanese;reports;Materials;9;Specialty Chemicals;Irving, Texas;24/12/2018;1306830;1918
CF;CF Industries;reports;Materials;9;Fertilizers & Agricultural Chemicals;Deerfield, Illinois;27/08/2008;1324404;1946
CTVA;Corteva;reports;Materials;9;Fertilizers & Agricultural Chemicals;Wilmington, Delaware;03/06/2019;1755672;2019
DD;DuPont;reports;Materials;9;Specialty Chemicals;Wilmington, Delaware;02/04/2019;1666700;2017
DOW;Dow;reports;Materials;9;Commodity Chemicals;Midland, Michigan;01/04/2019;1751788;2019
ECL;Ecolab;reports;Materials;9;Specialty Chemicals;Saint Paul, Minnesota;31/01/1989;31462;1923
EMN;Eastman Chemical;reports;Materials;9;Diversified Chemicals;Kingsport, Tennessee;01/01/1994;915389;1920
FCX;Freeport-McMoRan;reports;Materials;9;Copper;Phoenix, Arizona;;831259;1912
FMC;FMC Corporation;reports;Materials;9;Fertilizers & Agricultural Chemicals;Philadelphia, Pennsylvania;19/08/2009;37785;1883
IFF;International Flavors & Fragrances;reports;Materials;9;Specialty Chemicals;New York City, New York;31/03/1976;51253;1958 (1889)
IP;International Paper;reports;Materials;9;Paper Packaging;Memphis, Tennessee;04/03/1957;51434;1898
LIN;Linde;reports;Materials;9;Industrial Gases;Guildford, England;01/07/1992;1707925;1879
LYB;LyondellBasell;reports;Materials;9;Specialty Chemicals;Rotterdam, Netherlands;05/09/2012;1489393;2007
MLM;Martin Marietta Materials;reports;Materials;9;Construction Materials;Raleigh, North Carolina;02/07/2014;916076;1993
MOS;The Mosaic Company;reports;Materials;9;Fertilizers & Agricultural Chemicals;Tampa, Florida;26/09/2011;1285785;2004 (1865 / 1909)
NEM;Newmont;reports;Materials;9;Gold;Denver, Colorado;30/06/1969;1164727;1921
NUE;Nucor;reports;Materials;9;Steel;Charlotte, North Carolina;30/04/1985;73309;1940
PKG;Packaging Corporation of America;reports;Materials;9;Paper Packaging;Lake Forest, Illinois;26/07/2017;75677;1959
PPG;PPG Industries;reports;Materials;9;Specialty Chemicals;Pittsburgh, Pennsylvania;04/03/1957;79879;1883
SEE;Sealed Air;reports;Materials;9;Paper Packaging;Charlotte, North Carolina;04/03/1957;1012100;1960
SHW;Sherwin-Williams;reports;Materials;9;Specialty Chemicals;Cleveland, Ohio;30/06/1964;89800;1866
VMC;Vulcan Materials;reports;Materials;9;Construction Materials;Birmingham, Alabama;30/06/1999;1396009;1909
WRK;WestRock;reports;Materials;9;Paper Packaging;Atlanta, Georgia;;1732845;2015
AAPL;Apple;reports;Information Technology;8;Technology Hardware, Storage & Peripherals;Cupertino, California;30/11/1982;320193;1977
ACN;Accenture;reports;Information Technology;8;IT Consulting & Other Services;Dublin, Ireland;06/07/2011;1467373;1989
ADBE;Adobe;reports;Information Technology;8;Application Software;San Jose, California;05/05/1997;796343;1982
ADI;Analog Devices;reports;Information Technology;8;Semiconductors;Wilmington, Massachusetts;12/10/1999;6281;1965
ADP;Automatic Data Processing;reports;Information Technology;8;Data Processing & Outsourced Services;Roseland, New Jersey;31/03/1981;8670;1949
ADSK;Autodesk;reports;Information Technology;8;Application Software;San Rafael, California;01/12/1989;769397;1982
AKAM;Akamai Technologies;reports;Information Technology;8;Internet Services & Infrastructure;Cambridge, Massachusetts;12/07/2007;1086222;1998
AMAT;Applied Materials;reports;Information Technology;8;Semiconductor Equipment;Santa Clara, California;16/03/1995;6951;1967
AMD;Advanced Micro Devices;reports;Information Technology;8;Semiconductors;Santa Clara, California;;2488;1969
ANET;Arista Networks;reports;Information Technology;8;Communications Equipment;Santa Clara, California;28/08/2018;1596532;2004
ANSS;Ansys;reports;Information Technology;8;Application Software;Canonsburg, Pennsylvania;19/06/2017;1013462;1969
APH;Amphenol;reports;Information Technology;8;Electronic Components;Wallingford, Connecticut;30/09/2008;820313;1932
AVGO;Broadcom;reports;Information Technology;8;Semiconductors;San Jose, California;08/05/2014;1730168;1961
BR;Broadridge Financial Solutions;reports;Information Technology;8;Data Processing & Outsourced Services;Lake Success, New York;18/06/2018;1383312;1962
CDAY;Ceridian;reports;Information Technology;8;Application Software;Minneapolis, Minnesota;20/09/2021;1725057;1992
CDNS;Cadence Design Systems;reports;Information Technology;8;Application Software;San Jose, California;18/09/2017;813672;1988
CDW;CDW;reports;Information Technology;8;Technology Distributors;Lincolnshire, Illinois;23/09/2019;1402057;1984
CRM;Salesforce;reports;Information Technology;8;Application Software;San Francisco, California;15/09/2008;1108524;1999
CSCO;Cisco Systems;reports;Information Technology;8;Communications Equipment;San Jose, California;01/12/1993;858877;1984
CTSH;Cognizant Technology Solutions;reports;Information Technology;8;IT Consulting & Other Services;Teaneck, New Jersey;17/11/2006;1058290;1994
CTXS;Citrix Systems;reports;Information Technology;8;Application Software;Fort Lauderdale, Florida;01/12/1999;877890;1989
DXC;DXC Technology;reports;Information Technology;8;IT Consulting & Other Services;Tysons Corner, Virginia;04/04/2017;1688568;2017
ENPH;Enphase Energy;reports;Information Technology;8;Electronic Components;Fremont, California;07/01/2021;1463101;2006
FFIV;F5 Networks;reports;Information Technology;8;Communications Equipment;Seattle, Washington;20/12/2010;1048695;1996
FIS;Fidelity National Information Services;reports;Information Technology;8;Data Processing & Outsourced Services;Jacksonville, Florida;10/11/2006;1136893;1968
FISV;Fiserv;reports;Information Technology;8;Data Processing & Outsourced Services;Brookfield, Wisconsin;02/04/2001;798354;1984
FLT;Fleetcor;reports;Information Technology;8;Data Processing & Outsourced Services;Norcross, Georgia;20/06/2018;1175454;2000
FTNT;Fortinet;reports;Information Technology;8;Systems Software;Sunnyvale, California;11/10/2018;1262039;2000
GLW;Corning;reports;Information Technology;8;Electronic Components;Corning, New York;;24741;1851
GPN;Global Payments;reports;Information Technology;8;Data Processing & Outsourced Services;Atlanta, Georgia;25/04/2016;1123360;2000
HPE;Hewlett Packard Enterprise;reports;Information Technology;8;Technology Hardware, Storage & Peripherals;Houston, Texas;02/11/2015;1645590;2015
HPQ;HP;reports;Information Technology;8;Technology Hardware, Storage & Peripherals;Palo Alto, California;31/12/1974;47217;1939 (2015)
IBM;IBM;reports;Information Technology;8;IT Consulting & Other Services;Armonk, New York;04/03/1957;51143;1911
INTC;Intel;reports;Information Technology;8;Semiconductors;Santa Clara, California;31/12/1976;50863;1968
INTU;Intuit;reports;Information Technology;8;Application Software;Mountain View, California;05/12/2000;896878;1983
IPGP;IPG Photonics;reports;Information Technology;8;Electronic Manufacturing Services;Oxford, Massachusetts;07/03/2018;1111928;1990
IT;Gartner;reports;Information Technology;8;IT Consulting & Other Services;Stamford, Connecticut;05/04/2017;749251;1979
JKHY;Jack Henry & Associates;reports;Information Technology;8;Data Processing & Outsourced Services;Monett, Missouri;13/11/2018;779152;1976
JNPR;Juniper Networks;reports;Information Technology;8;Communications Equipment;Sunnyvale, California;02/06/2006;1043604;1996
KEYS;Keysight Technologies;reports;Information Technology;8;Electronic Equipment & Instruments;Santa Rosa, California;06/11/2018;1601046;2014
KLAC;KLA Corporation;reports;Information Technology;8;Semiconductor Equipment;Milpitas, California;;319201;1975/1977 (1997)
LRCX;Lam Research;reports;Information Technology;8;Semiconductor Equipment;Fremont, California;29/06/2012;707549;1980
MA;Mastercard;reports;Information Technology;8;Data Processing & Outsourced Services;Harrison, New York;18/07/2008;1141391;1966
MCHP;Microchip Technology;reports;Information Technology;8;Semiconductors;Chandler, Arizona;07/09/2007;827054;1989
MPWR;Monolithic Power Systems;reports;Information Technology;8;Semiconductors;Kirkland, Washington;12/02/2021;1280452;1997
MSFT;Microsoft;reports;Information Technology;8;Systems Software;Redmond, Washington;01/06/1994;789019;1975
MSI;Motorola Solutions;reports;Information Technology;8;Communications Equipment;Chicago, Illinois;;68505;1928 (2011)
MU;Micron Technology;reports;Information Technology;8;Semiconductors;Boise, Idaho;27/09/1994;723125;1978
NLOK;NortonLifeLock;reports;Information Technology;8;Application Software;Tempe, Arizona;25/03/2003;849399;1982
NOW;ServiceNow;reports;Information Technology;8;Systems Software;Santa Clara, California;21/11/2019;1373715;2003
NTAP;NetApp;reports;Information Technology;8;Technology Hardware, Storage & Peripherals;Sunnyvale, California;25/06/1999;1002047;1992
NVDA;Nvidia;reports;Information Technology;8;Semiconductors;Santa Clara, California;30/11/2001;1045810;1993
NXPI;NXP;reports;Information Technology;8;Semiconductors;Eindhoven, Netherlands;22/03/2021;1413447;1953
ORCL;Oracle;reports;Information Technology;8;Application Software;Austin, Texas;31/08/1989;1341439;1977
PAYC;Paycom;reports;Information Technology;8;Application Software;Oklahoma City, Oklahoma;28/01/2020;1590955;1998
PAYX;Paychex;reports;Information Technology;8;Data Processing & Outsourced Services;Penfield, New York;;723531;1971
PTC;PTC;reports;Information Technology;8;Application Software;Boston, Massachusetts;20/04/2021;857005;1985
PYPL;PayPal;reports;Information Technology;8;Data Processing & Outsourced Services;San Jose, California;20/07/2015;1633917;1998
QCOM;Qualcomm;reports;Information Technology;8;Semiconductors;San Diego, California;;804328;1985
QRVO;Qorvo;reports;Information Technology;8;Semiconductors;Greensboro, North Carolina;11/06/2015;1604778;2015
SNPS;Synopsys;reports;Information Technology;8;Application Software;Mountain View, California;16/03/2017;883241;1986
STX;Seagate Technology;reports;Information Technology;8;Technology Hardware, Storage & Peripherals;Dublin, Ireland;02/07/2012;1137789;1979
SWKS;Skyworks Solutions;reports;Information Technology;8;Semiconductors;Woburn, Massachusetts;12/03/2015;4127;2002
TEL;TE Connectivity;reports;Information Technology;8;Electronic Manufacturing Services;Schaffhausen, Switzerland;17/10/2011;1385157;2007
TER;Teradyne;reports;Information Technology;8;Semiconductor Equipment;North Reading, Massachusetts;21/09/2020;97210;1960
TRMB;Trimble;reports;Information Technology;8;Electronic Equipment & Instruments;Sunnyvale, California;21/01/2021;864749;1978
TXN;Texas Instruments;reports;Information Technology;8;Semiconductors;Dallas, Texas;;97476;1930
TYL;Tyler Technologies;reports;Information Technology;8;Application Software;Plano, Texas;22/06/2020;860731;1966
V;Visa;reports;Information Technology;8;Data Processing & Outsourced Services;San Francisco, California;21/12/2009;1403161;1958
VRSN;Verisign;reports;Information Technology;8;Internet Services & Infrastructure;Dulles, Virginia;01/02/2006;1014473;1995
WDC;Western Digital;reports;Information Technology;8;Technology Hardware, Storage & Peripherals;San Jose, California;01/07/2009;106040;1970
WU;Western Union;reports;Information Technology;8;Data Processing & Outsourced Services;Englewood, Colorado;29/09/2006;1365135;1851
XLNX;Xilinx;reports;Information Technology;8;Semiconductors;San Jose, California;08/11/1999;743988;1984
ZBRA;Zebra Technologies;reports;Information Technology;8;Electronic Equipment & Instruments;Lincolnshire, Illinois;23/12/2019;877212;1969
AAL;American Airlines Group;reports;Industrials;7;Airlines;Fort Worth, Texas;23/03/2015;6201;1934
ALK;Alaska Air Group;reports;Industrials;7;Airlines;Seattle, Washington;13/05/2016;766421;1985
ALLE;Allegion;reports;Industrials;7;Building Products;New York City, New York;02/12/2013;1579241;1908
AME;Ametek;reports;Industrials;7;Electrical Components & Equipment;Berwyn, Pennsylvania;23/09/2013;1037868;1930
AOS;A. O. Smith;reports;Industrials;7;Building Products;Milwaukee, Wisconsin;26/07/2017;91142;1916
BA;Boeing;reports;Industrials;7;Aerospace & Defense;Chicago, Illinois;04/03/1957;12927;1916
CARR;Carrier Global;reports;Industrials;7;Building Products;Palm Beach Gardens, Florida;03/04/2020;1783180;2020 (1915)
CAT;Caterpillar;reports;Industrials;7;Construction Machinery & Heavy Trucks;Deerfield, Illinois;04/03/1957;18230;1925
CHRW;C. H. Robinson;reports;Industrials;7;Air Freight & Logistics;Eden Prairie, Minnesota;02/03/2007;1043277;1905
CMI;Cummins;reports;Industrials;7;Industrial Machinery;Columbus, Indiana;31/03/1965;26172;1919
CPRT;Copart;reports;Industrials;7;Diversified Support Services;Dallas, Texas;02/07/2018;900075;1982
CSX;CSX;reports;Industrials;7;Railroads;Jacksonville, Florida;30/09/1967;277948;1980
CTAS;Cintas Corporation;reports;Industrials;7;Diversified Support Services;Mason, Ohio;01/03/2001;723254;1929
DAL;Delta Air Lines;reports;Industrials;7;Airlines;Atlanta, Georgia;11/09/2013;27904;1929
DE;Deere & Co.;reports;Industrials;7;Agricultural & Farm Machinery;Moline, Illinois;04/03/1957;315189;1837
DOV;Dover Corporation;reports;Industrials;7;Industrial Machinery;Downers Grove, Illinois;31/10/1985;29905;1955
EFX;Equifax;reports;Industrials;7;Research & Consulting Services;Atlanta, Georgia;19/06/1997;33185;1899
EMR;Emerson Electric;reports;Industrials;7;Electrical Components & Equipment;Ferguson, Missouri;31/03/1965;32604;1890
ETN;Eaton Corporation;reports;Industrials;7;Electrical Components & Equipment;Dublin, Ireland;;1551182;1911
EXPD;Expeditors;reports;Industrials;7;Air Freight & Logistics;Seattle, Washington;10/10/2007;746515;1979
FAST;Fastenal;reports;Industrials;7;Building Products;Winona, Minnesota;15/09/2008;815556;1967
FBHS;Fortune Brands Home & Security;reports;Industrials;7;Building Products;Deerfield, Illinois;22/06/2016;1519751;2011 (1969)
FDX;FedEx;reports;Industrials;7;Air Freight & Logistics;Memphis, Tennessee;31/12/1980;1048911;1971
FTV;Fortive;reports;Industrials;7;Industrial Machinery;Everett, Washington;01/07/2016;1659166;2016
GD;General Dynamics;reports;Industrials;7;Aerospace & Defense;Falls Church, Virginia;04/03/1957;40533;1899
GE;General Electric;reports;Industrials;7;Industrial Conglomerates;Boston, Massachusetts;;40545;1892
GNRC;Generac Holdings;reports;Industrials;7;Electrical Components & Equipment;Waukesha, Wisconsin;22/03/2021;1474735;1959
GWW;W. W. Grainger;reports;Industrials;7;Industrial Machinery;Lake Forest, Illinois;30/06/1981;277135;1927
HII;Huntington Ingalls Industries;reports;Industrials;7;Aerospace & Defense;Newport News, Virginia;03/01/2018;1501585;2011
HON;Honeywell;reports;Industrials;7;Industrial Conglomerates;Charlotte, North Carolina;31/03/1964;773840;1906
HWM;Howmet Aerospace;reports;Industrials;7;Aerospace & Defense;Pittsburgh, Pennsylvania;31/03/1964;4281;2016
IEX;IDEX Corporation;reports;Industrials;7;Industrial Machinery;Lake Forest, Illinois;09/08/2019;832101;1988
INFO;IHS Markit;reports;Industrials;7;Research & Consulting Services;London, England;02/06/2017;1598014;1959
IR;Ingersoll Rand;reports;Industrials;7;Industrial Machinery;Milwaukee, Wisconsin;03/03/2020;1699150;1859
ITW;Illinois Tool Works;reports;Industrials;7;Industrial Machinery;Glenview, Illinois;28/02/1986;49826;1912
J;Jacobs Engineering Group;reports;Industrials;7;Construction & Engineering;Dallas, Texas;26/10/2007;52988;1947
JBHT;J. B. Hunt;reports;Industrials;7;Trucking;Lowell, Arkansas;01/07/2015;728535;1961
JCI;Johnson Controls;reports;Industrials;7;Building Products;Cork, Ireland;27/08/2010;833444;1885
KSU;Kansas City Southern;reports;Industrials;7;Railroads;Kansas City, Missouri;24/05/2013;54480;1887
LDOS;Leidos;reports;Industrials;7;Diversified Support Services;Reston, Virginia;09/08/2019;1336920;1969
LHX;L3Harris Technologies;reports;Industrials;7;Aerospace & Defense;Melbourne, Florida;22/09/2008;202058;2019 (1895)
LMT;Lockheed Martin;reports;Industrials;7;Aerospace & Defense;Bethesda, Maryland;31/07/1984;936468;1995
LUV;Southwest Airlines;reports;Industrials;7;Airlines;Dallas, Texas;01/07/1994;92380;1967
MAS;Masco;reports;Industrials;7;Building Products;Livonia, Michigan;30/06/1981;62996;1929
MMM;3M;reports;Industrials;7;Industrial Conglomerates;Saint Paul, Minnesota;09/08/1976;66740;1902
NLSN;Nielsen Holdings;reports;Industrials;7;Research & Consulting Services;New York City, New York;09/07/2013;1492633;1923
NOC;Northrop Grumman;reports;Industrials;7;Aerospace & Defense;West Falls Church, Virginia;30/06/1985;1133421;1994 (Northrop 1939, Grumman 1930)
NSC;Norfolk Southern;reports;Industrials;7;Railroads;Norfolk, Virginia;04/03/1957;702165;1881/1894 (1980)
ODFL;Old Dominion Freight Line;reports;Industrials;7;Trucking;Thomasville, North Carolina;09/12/2019;878927;1934
OTIS;Otis Worldwide;reports;Industrials;7;Industrial Machinery;Farmington, Connecticut;03/04/2020;1781335;2020 (1853)
PCAR;Paccar;reports;Industrials;7;Construction Machinery & Heavy Trucks;Bellevue, Washington;31/12/1980;75362;1905
PH;Parker-Hannifin;reports;Industrials;7;Industrial Machinery;Cleveland, Ohio;30/11/1985;76334;1917
PNR;Pentair;reports;Industrials;7;Industrial Machinery;Worsley, England;01/10/2012;77360;1966
PWR;Quanta Services;reports;Industrials;7;Construction & Engineering;Houston, Texas;01/07/2009;1050915;1997
RHI;Robert Half International;reports;Industrials;7;Human Resource & Employment Services;Menlo Park, California;05/12/2000;315213;1948
ROK;Rockwell Automation;reports;Industrials;7;Electrical Components & Equipment;Milwaukee, Wisconsin;;1024478;1903
ROL;Rollins;reports;Industrials;7;Environmental & Facilities Services;Atlanta, Georgia;01/10/2018;84839;1948
ROP;Roper Technologies;reports;Industrials;7;Industrial Conglomerates;Sarasota, Florida;23/12/2009;882835;1981
RSG;Republic Services;reports;Industrials;7;Environmental & Facilities Services;Phoenix, Arizona;05/12/2008;1060391;1998 (1981)
RTX;Raytheon Technologies;reports;Industrials;7;Aerospace & Defense;Waltham, Massachusetts;;101829;1922
SNA;Snap-on;reports;Industrials;7;Industrial Machinery;Kenosha, Wisconsin;30/09/1982;91440;1920
SWK;Stanley Black & Decker;reports;Industrials;7;Industrial Machinery;New Britain, Connecticut;30/09/1982;93556;1843
TDG;TransDigm Group;reports;Industrials;7;Aerospace & Defense;Cleveland, Ohio;03/06/2016;1260221;1993
TDY;Teledyne Technologies;reports;Industrials;7;Aerospace & Defense;Thousand Oaks, California;22/06/2020;1094285;1960
TT;Trane Technologies;reports;Industrials;7;Building Products;Dublin, Ireland;17/11/2010;1466258;1871
TXT;Textron;reports;Industrials;7;Aerospace & Defense;Providence, Rhode Island;31/12/1978;217346;1923
UAL;United Airlines;reports;Industrials;7;Airlines;Chicago, Illinois;03/09/2015;100517;1967
UNP;Union Pacific;reports;Industrials;7;Railroads;Omaha, Nebraska;04/03/1957;100885;1862
UPS;United Parcel Service;reports;Industrials;7;Air Freight & Logistics;Sandy Springs, Georgia;22/07/2002;1090727;1907
URI;United Rentals;reports;Industrials;7;Trading Companies & Distributors;Stamford, Connecticut;20/09/2014;1067701;1997
VRSK;Verisk Analytics;reports;Industrials;7;Research & Consulting Services;Jersey City, New Jersey;08/10/2015;1442145;1971
WAB;Wabtec;reports;Industrials;7;Construction Machinery & Heavy Trucks;Pittsburgh, Pennsylvania;27/02/2019;943452;1999 (1869)
WM;Waste Management;reports;Industrials;7;Environmental & Facilities Services;Houston, Texas;;823768;1968
XYL;Xylem;reports;Industrials;7;Industrial Machinery;White Plains, New York;01/11/2011;1524472;2011
A;Agilent Technologies;reports;Health Care;6;Health Care Equipment;Santa Clara, California;05/06/2000;1090872;1999
ABBV;AbbVie;reports;Health Care;6;Pharmaceuticals;North Chicago, Illinois;31/12/2012;1551152;2013 (1888)
ABC;AmerisourceBergen;reports;Health Care;6;Health Care Distributors;Chesterbrook, Pennsylvania;30/08/2001;1140859;1985
ABMD;Abiomed;reports;Health Care;6;Health Care Equipment;Danvers, Massachusetts;31/05/2018;815094;1981
ABT;Abbott Laboratories;reports;Health Care;6;Health Care Equipment;North Chicago, Illinois;31/03/1964;1800;1888
ALGN;Align Technology;reports;Health Care;6;Health Care Supplies;San Jose, California;19/06/2017;1097149;1997
AMGN;Amgen;reports;Health Care;6;Biotechnology;Thousand Oaks, California;02/01/1992;318154;1980
ANTM;Anthem;reports;Health Care;6;Managed Health Care;Indianapolis, Indiana;25/07/2002;1156039;2014 (1946)
BAX;Baxter International;reports;Health Care;6;Health Care Equipment;Deerfield, Illinois;30/09/1972;10456;1931
BDX;Becton Dickinson;reports;Health Care;6;Health Care Equipment;Franklin Lakes, New Jersey;30/09/1972;10795;1897
BIIB;Biogen;reports;Health Care;6;Biotechnology;Cambridge, Massachusetts;13/11/2003;875045;1978
BIO;Bio-Rad Laboratories;reports;Health Care;6;Life Sciences Tools & Services;Hercules, California;22/06/2020;12208;1952
BMY;Bristol Myers Squibb;reports;Health Care;6;Health Care Distributors;New York City, New York;04/03/1957;14272;1989
BSX;Boston Scientific;reports;Health Care;6;Health Care Equipment;Marlborough, Massachusetts[4];24/02/1995;885725;1979
CAH;Cardinal Health;reports;Health Care;6;Health Care Distributors;Dublin, Ohio;27/05/1997;721371;1971
CERN;Cerner;reports;Health Care;6;Health Care Technology;North Kansas City, Missouri;30/04/2010;804753;1979
CI;Cigna;reports;Health Care;6;Managed Health Care;Bloomfield, Connecticut;30/06/1976;1739940;1982
CNC;Centene;reports;Health Care;6;Managed Health Care;St. Louis, Missouri;30/03/2016;1071739;1984
COO;The Cooper Companies;reports;Health Care;6;Health Care Supplies;San Ramon, California;23/09/2016;711404;1958
CRL;Charles River Laboratories;reports;Health Care;6;Life Sciences Tools & Services;Wilmington, Massachusetts;14/05/2021;1100682;1947
CTLT;Catalent;reports;Health Care;6;Pharmaceuticals;Somerset, New Jersey;21/09/2020;1596783;2007
CVS;CVS Health;reports;Health Care;6;Health Care Services;Woonsocket, Rhode Island;04/03/1957;64803;1996
DGX;Quest Diagnostics;reports;Health Care;6;Health Care Services;Secaucus, New Jersey;12/12/2002;1022079;1967
DHR;Danaher;reports;Health Care;6;Health Care Equipment;Washington, D.C.;;313616;1969
DVA;DaVita;reports;Health Care;6;Health Care Facilities;Denver, Colorado;31/07/2008;927066;1979
DXCM;DexCom;reports;Health Care;6;Health Care Equipment;San Diego, California;12/05/2020;1093557;1999
EW;Edwards Lifesciences;reports;Health Care;6;Health Care Equipment;Irvine, California;01/04/2011;1099800;1958
GILD;Gilead Sciences;reports;Health Care;6;Biotechnology;Foster City, California;01/07/2004;882095;1987
HCA;HCA Healthcare;reports;Health Care;6;Health Care Facilities;Nashville, Tennessee;27/01/2015;860730;1968
HOLX;Hologic;reports;Health Care;6;Health Care Equipment;Marlborough, Massachusetts;30/03/2016;859737;1985
HSIC;Henry Schein;reports;Health Care;6;Health Care Distributors;Melville, New York;17/03/2015;1000228;1932
HUM;Humana;reports;Health Care;6;Managed Health Care;Louisville, Kentucky;;49071;1961
IDXX;Idexx Laboratories;reports;Health Care;6;Health Care Equipment;Westbrook, Maine;05/01/2017;874716;1983
ILMN;Illumina;reports;Health Care;6;Life Sciences Tools & Services;San Diego, California;19/11/2015;1110803;1998
INCY;Incyte;reports;Health Care;6;Biotechnology;Wilmington, Delaware;28/02/2017;879169;1991
IQV;IQVIA;reports;Health Care;6;Life Sciences Tools & Services;Durham, North Carolina;29/08/2017;1478242;1982
ISRG;Intuitive Surgical;reports;Health Care;6;Health Care Equipment;Sunnyvale, California;02/06/2008;1035267;1995
JNJ;Johnson & Johnson;reports;Health Care;6;Pharmaceuticals;New Brunswick, New Jersey;30/06/1973;200406;1886
LH;LabCorp;reports;Health Care;6;Health Care Services;Burlington, North Carolina;01/11/2004;920148;1978
LLY;Eli Lilly;reports;Health Care;6;Pharmaceuticals;Indianapolis, Indiana;31/12/1970;59478;1876
MCK;McKesson Corporation;reports;Health Care;6;Health Care Distributors;Irving, Texas;;927653;1833
MDT;Medtronic;reports;Health Care;6;Health Care Equipment;Dublin, Ireland;31/10/1986;1613103;1949
MRK;Merck;reports;Health Care;6;Pharmaceuticals;Kenilworth, New Jersey;04/03/1957;310158;1891
MRNA;Moderna;reports;Health Care;6;Biotechnology;Cambridge, Massachusetts;21/07/2021;1682852;2010
MTD;Mettler Toledo;reports;Health Care;6;Life Sciences Tools & Services;Columbus, Ohio;06/09/2016;1037646;1945
OGN;Organon & Co.;reports;Health Care;6;Pharmaceuticals;Jersey City, New Jersey;03/06/2021;1821825;2021
PFE;Pfizer;reports;Health Care;6;Pharmaceuticals;New York City, New York;04/03/1957;78003;1849
PKI;PerkinElmer;reports;Health Care;6;Health Care Equipment;Waltham, Massachusetts;31/05/1985;31791;1937
REGN;Regeneron Pharmaceuticals;reports;Health Care;6;Biotechnology;Tarrytown, New York;01/05/2013;872589;1988
RMD;ResMed;reports;Health Care;6;Health Care Equipment;San Diego, California;26/07/2017;943819;1989
STE;Steris;reports;Health Care;6;Health Care Equipment;Dublin, Ireland;23/12/2019;1757898;1985
SYK;Stryker Corporation;reports;Health Care;6;Health Care Equipment;Kalamazoo, Michigan;12/12/2000;310764;1941
TECH;Bio-Techne;reports;Health Care;6;Life Sciences Tools & Services;Minneapolis, Minnesota;30/08/2021;842023;1976
TFX;Teleflex;reports;Health Care;6;Health Care Equipment;Wayne, Pennsylvania;18/01/2019;96943;1943
TMO;Thermo Fisher Scientific;reports;Health Care;6;Life Sciences Tools & Services;Waltham, Massachusetts;03/08/2004;97745;2006 (1902)
UHS;Universal Health Services;reports;Health Care;6;Health Care Facilities;King of Prussia, Pennsylvania;20/09/2014;352915;1979
UNH;UnitedHealth Group;reports;Health Care;6;Managed Health Care;Minnetonka, Minnesota;01/07/1994;731766;1977
VRTX;Vertex Pharmaceuticals;reports;Health Care;6;Biotechnology;Cambridge, Massachusetts;23/09/2013;875320;1989
VTRS;Viatris;reports;Health Care;6;Pharmaceuticals;Pittsburgh, Pennsylvania;23/04/2004;1792044;1961
WAT;Waters Corporation;reports;Health Care;6;Health Care Distributors;Milford, Massachusetts;;1000697;1958
WST;West Pharmaceutical Services;reports;Health Care;6;Health Care Supplies;Exton, Pennsylvania;22/05/2020;105770;1923
XRAY;Dentsply Sirona;reports;Health Care;6;Health Care Supplies;Charlotte, North Carolina;14/11/2008;818479;2016 (1969)
ZBH;Zimmer Biomet;reports;Health Care;6;Health Care Equipment;Warsaw, Indiana;07/08/2001;1136869;1927
ZTS;Zoetis;reports;Health Care;6;Pharmaceuticals;Parsippany, New Jersey;21/06/2013;1555280;1952
AFL;Aflac;reports;Financials;5;Life & Health Insurance;Columbus, Georgia;28/05/1999;4977;1955
AIG;American International Group;reports;Financials;5;Property & Casualty Insurance;New York City, New York;31/03/1980;5272;1919
AIZ;Assurant;reports;Financials;5;Multi-line Insurance;New York City, New York;10/04/2007;1267238;1892
AJG;Arthur J. Gallagher & Co.;reports;Financials;5;Insurance Brokers;Rolling Meadows, Illinois;31/05/2016;354190;1927
ALL;Allstate Corp;reports;Financials;5;Property & Casualty Insurance;Northfield Township, Illinois;13/07/1995;899051;1931
AMP;Ameriprise Financial;reports;Financials;5;Asset Management & Custody Banks;Minneapolis, Minnesota;03/10/2005;820027;1894
AON;Aon;reports;Financials;5;Insurance Brokers;London, UK;23/04/1996;315293;1982 (1919)
AXP;American Express;reports;Financials;5;Consumer Finance;New York City, New York;30/06/1976;4962;1850
BAC;Bank of America;reports;Financials;5;Diversified Banks;Charlotte, North Carolina;30/06/1976;70858;1998 (1923 / 1874)
BEN;Franklin Resources;reports;Financials;5;Asset Management & Custody Banks;San Mateo, California;;38777;1947
BK;BNY Mellon;reports;Financials;5;Asset Management & Custody Banks;New York City, New York;31/03/1995;1390777;1784
BLK;BlackRock;reports;Financials;5;Asset Management & Custody Banks;New York City, New York;04/04/2011;1364742;1988
BRK.B;Berkshire Hathaway;reports;Financials;5;Multi-Sector Holdings;Omaha, Nebraska;16/02/2010;1067983;1839
BRO;Brown & Brown;reports;Financials;5;Insurance Brokers;Daytona Beach, Florida;20/09/2021;79282;1939
C;Citigroup;reports;Financials;5;Diversified Banks;New York City, New York;31/05/1988;831001;1998
CB;Chubb;reports;Financials;5;Property & Casualty Insurance;Zurich, Switzerland;15/07/2010;896159;1985
CBOE;Cboe Global Markets;reports;Financials;5;Financial Exchanges & Data;Chicago, Illinois;01/03/2017;1374310;1973
CFG;Citizens Financial Group;reports;Financials;5;Regional Banks;Providence, Rhode Island;29/01/2016;759944;1828
CINF;Cincinnati Financial;reports;Financials;5;Property & Casualty Insurance;Fairfield, Ohio;18/12/1997;20286;1950
CMA;Comerica;reports;Financials;5;Diversified Banks;Dallas, Texas;01/12/1995;28412;1849
CME;CME Group;reports;Financials;5;Financial Exchanges & Data;Chicago, Illinois;11/08/2006;1156375;1848
COF;Capital One;reports;Financials;5;Consumer Finance;Tysons Corner, Virginia;01/07/1998;927628;1994
DFS;Discover Financial Services;reports;Financials;5;Consumer Finance;Riverwoods, Illinois;02/07/2007;1393612;1985
FITB;Fifth Third Bancorp;reports;Financials;5;Regional Banks;Cincinnati, Ohio;;35527;1858
FRC;First Republic Bank;reports;Financials;5;Regional Banks;San Francisco, California;02/01/2019;1132979;1985
GL;Globe Life;reports;Financials;5;Life & Health Insurance;McKinney, Texas;30/04/1989;320335;1900
GS;Goldman Sachs;reports;Financials;5;Investment Banking & Brokerage;New York City, New York;22/07/2002;886982;1869
HBAN;Huntington Bancshares;reports;Financials;5;Regional Banks;"Columbus, Ohio; Detroit, Michigan";;49196;1866
HIG;The Hartford;reports;Financials;5;Property & Casualty Insurance;Hartford, Connecticut;04/03/1957;874766;1810
ICE;Intercontinental Exchange;reports;Financials;5;Financial Exchanges & Data;Atlanta, Georgia;26/09/2007;1571949;2000
IVZ;Invesco;reports;Financials;5;Asset Management & Custody Banks;Atlanta, Georgia;21/08/2008;914208;1935
JPM;JPMorgan Chase;reports;Financials;5;Diversified Banks;New York City, New York;30/06/1975;19617;2000 (1799 / 1871)
KEY;KeyCorp;reports;Financials;5;Regional Banks;Cleveland, Ohio;01/03/1994;91576;1825
L;Loews Corporation;reports;Financials;5;Multi-line Insurance;New York City, New York;;60086;1959
LNC;Lincoln National;reports;Financials;5;Multi-line Insurance;Radnor, Pennsylvania;30/06/1976;59558;1905
MCO;Moody's;reports;Financials;5;Financial Exchanges & Data;New York City, New York;;1059556;1909
MET;MetLife;reports;Financials;5;Life & Health Insurance;New York City, New York;;1099219;1868
MKTX;MarketAxess;reports;Financials;5;Financial Exchanges & Data;New York City, New York;01/07/2019;1278021;2000
MMC;Marsh & McLennan;reports;Financials;5;Insurance Brokers;New York City, New York;31/08/1987;62709;1905
MS;Morgan Stanley;reports;Financials;5;Investment Banking & Brokerage;New York City, New York;;895421;1935
MSCI;MSCI;reports;Financials;5;Financial Exchanges & Data;New York City, New York;04/04/2018;1408198;1969
MTB;M&T Bank;reports;Financials;5;Regional Banks;Buffalo, New York;23/02/2004;36270;1856
NDAQ;Nasdaq;reports;Financials;5;Financial Exchanges & Data;New York City, New York;22/10/2008;1120193;1971
NTRS;Northern Trust;reports;Financials;5;Asset Management & Custody Banks;Chicago, Illinois;;73124;1889
PBCT;People's United Financial;reports;Financials;5;Thrifts & Mortgage Finance;Bridgeport, Connecticut;13/11/2008;1378946;1842
PFG;Principal Financial Group;reports;Financials;5;Life & Health Insurance;Des Moines, Iowa;22/07/2002;1126328;1879
PGR;Progressive Corporation;reports;Financials;5;Property & Casualty Insurance;Mayfield Village, Ohio;04/08/1997;80661;1937
PNC;PNC Financial Services;reports;Financials;5;Regional Banks;Pittsburgh, Pennsylvania;30/04/1988;713676;1845
PRU;Prudential Financial;reports;Financials;5;Life & Health Insurance;Newark, New Jersey;22/07/2002;1137774;1875
RE;Everest Re;reports;Financials;5;Reinsurance;Hamilton, Bermuda;19/06/2017;1095073;1973
RF;Regions Financial Corporation;reports;Financials;5;Regional Banks;Birmingham, Alabama;28/08/1998;1281761;1971
RJF;Raymond James Financial;reports;Financials;5;Investment Banking & Brokerage;St. Petersburg, Florida;20/03/2017;720005;1962
SCHW;Charles Schwab;reports;Financials;5;Investment Banking & Brokerage;Westlake, Texas;02/06/1997;316709;1971
SIVB;SVB Financial;reports;Financials;5;Regional Banks;Santa Clara, California;19/03/2018;719739;1983
SPGI;S&P Global;reports;Financials;5;Financial Exchanges & Data;New York City, New York;;64040;1917
STT;State Street Corporation;reports;Financials;5;Asset Management & Custody Banks;Boston, Massachusetts;;93751;1792
SYF;Synchrony Financial;reports;Financials;5;Consumer Finance;Stamford, Connecticut;18/11/2015;1601712;2003
TFC;Truist Financial;reports;Financials;5;Regional Banks;Charlotte, North Carolina;04/12/1997;92230;1872
TROW;T. Rowe Price;reports;Financials;5;Asset Management & Custody Banks;Baltimore, Maryland;;1113169;1937
TRV;The Travelers Companies;reports;Financials;5;Property & Casualty Insurance;New York City, New York;21/08/2002;86312;1853
USB;U.S. Bancorp;reports;Financials;5;Diversified Banks;Minneapolis, Minnesota;;36104;1968
WFC;Wells Fargo;reports;Financials;5;Diversified Banks;San Francisco, California;30/06/1976;72971;1852
WLTW;Willis Towers Watson;reports;Financials;5;Insurance Brokers;London, England;05/01/2016;1140536;2016
WRB;W. R. Berkley Corporation;reports;Financials;5;Property & Casualty Insurance;Greenwich, Connecticut;05/12/2019;11544;1967
ZION;Zions Bancorp;reports;Financials;5;Regional Banks;Salt Lake City, Utah;22/06/2001;109380;1873
APA;APA Corporation;reports;Energy;4;Oil & Gas Exploration & Production;Houston, Texas;28/07/1997;6769;1954
BKR;Baker Hughes;reports;Energy;4;Oil & Gas Equipment & Services;Houston, Texas;07/07/2017;1701605;2017
COP;ConocoPhillips;reports;Energy;4;Oil & Gas Exploration & Production;Houston, Texas;04/03/1957;1163165;2002
CTRA;Coterra;reports;Energy;4;Oil & Gas Exploration & Production;Houston, Texas;23/06/2008;858470;2021 (1989)
CVX;Chevron;reports;Energy;4;Integrated Oil & Gas;San Ramon, California;04/03/1957;93410;1879
DVN;Devon Energy;reports;Energy;4;Oil & Gas Exploration & Production;Oklahoma City, Oklahoma;30/08/2000;1090012;1971
EOG;EOG Resources;reports;Energy;4;Oil & Gas Exploration & Production;Houston, Texas;02/11/2000;821189;1999
FANG;Diamondback Energy;reports;Energy;4;Oil & Gas Exploration & Production;Midland, Texas;03/12/2018;1539838;2007
HAL;Halliburton;reports;Energy;4;Oil & Gas Equipment & Services;Houston, Texas;04/03/1957;45012;1919
HES;Hess Corporation;reports;Energy;4;Integrated Oil & Gas;New York City, New York;31/05/1984;4447;1919
KMI;Kinder Morgan;reports;Energy;4;Oil & Gas Storage & Transportation;Houston, Texas;25/05/2012;1506307;1997
MPC;Marathon Petroleum;reports;Energy;4;Oil & Gas Refining & Marketing;Findlay, Ohio;01/07/2011;1510295;2009 (1887)
MRO;Marathon Oil;reports;Energy;4;Oil & Gas Exploration & Production;Houston, Texas;01/05/1991;101778;1887
OKE;Oneok;reports;Energy;4;Oil & Gas Storage & Transportation;Tulsa, Oklahoma;15/03/2010;1039684;1906
OXY;Occidental Petroleum;reports;Energy;4;Oil & Gas Exploration & Production;Houston, Texas;31/12/1982;797468;1920
PSX;Phillips 66;reports;Energy;4;Oil & Gas Refining & Marketing;Houston, Texas;01/05/2012;1534701;2012 (1917)
PXD;Pioneer Natural Resources;reports;Energy;4;Oil & Gas Exploration & Production;Irving, Texas;24/09/2008;1038357;1997
SLB;Schlumberger;reports;Energy;4;Oil & Gas Equipment & Services;Curaçao, Kingdom of the Netherlands;31/03/1965;87347;1926
VLO;Valero Energy;reports;Energy;4;Oil & Gas Refining & Marketing;San Antonio, Texas;;1035002;1980
WMB;Williams Companies;reports;Energy;4;Oil & Gas Storage & Transportation;Tulsa, Oklahoma;31/03/1975;107263;1908
XOM;ExxonMobil;reports;Energy;4;Integrated Oil & Gas;Irving, Texas;04/03/1957;34088;1999
ADM;ADM;reports;Consumer Staples;3;Agricultural Products;Chicago, Illinois;29/07/1981;7084;1902
BF.B;Brown–Forman;reports;Consumer Staples;3;Distillers & Vintners;Louisville, Kentucky;31/10/1982;14693;1870
CAG;Conagra Brands;reports;Consumer Staples;3;Packaged Foods & Meats;Chicago, Illinois;31/08/1983;23217;1919
CHD;Church & Dwight;reports;Consumer Staples;3;Household Products;Ewing, New Jersey;29/12/2015;313927;1847
CL;Colgate-Palmolive;reports;Consumer Staples;3;Household Products;New York City, New York;04/03/1957;21665;1806
CLX;Clorox;reports;Consumer Staples;3;Household Products;Oakland, California;31/03/1969;21076;1913
COST;Costco;reports;Consumer Staples;3;Hypermarkets & Super Centers;Issaquah, Washington;01/10/1993;909832;1976
CPB;Campbell Soup;reports;Consumer Staples;3;Packaged Foods & Meats;Camden, New Jersey;04/03/1957;16732;1869
EL;Estée Lauder Companies;reports;Consumer Staples;3;Personal Products;New York City, New York;05/01/2006;1001250;1946
GIS;General Mills;reports;Consumer Staples;3;Packaged Foods & Meats;Golden Valley, Minnesota;31/03/1969;40704;1856
HRL;Hormel;reports;Consumer Staples;3;Packaged Foods & Meats;Austin, Minnesota;04/03/2009;48465;1891
HSY;The Hershey Company;reports;Consumer Staples;3;Packaged Foods & Meats;Hershey, Pennsylvania;04/03/1957;47111;1894
K;Kellogg's;reports;Consumer Staples;3;Packaged Foods & Meats;Battle Creek, Michigan;11/09/1989;55067;1906
KHC;Kraft Heinz;reports;Consumer Staples;3;Packaged Foods & Meats;"Chicago, Illinois; Pittsburgh, Pennsylvania";06/07/2015;1637459;2015 (1869)
KMB;Kimberly-Clark;reports;Consumer Staples;3;Household Products;Irving, Texas;04/03/1957;55785;1872
KO;Coca-Cola;reports;Consumer Staples;3;Soft Drinks;Atlanta, Georgia;04/03/1957;21344;1886
KR;Kroger;reports;Consumer Staples;3;Food Retail;Cincinnati, Ohio;04/03/1957;56873;1883
LW;Lamb Weston;reports;Consumer Staples;3;Packaged Foods & Meats;Eagle, Idaho;03/12/2018;1679273;2016 (1950)
MDLZ;Mondelez International;reports;Consumer Staples;3;Packaged Foods & Meats;Chicago, Illinois;02/10/2012;1103982;2012
MKC;McCormick & Company;reports;Consumer Staples;3;Packaged Foods & Meats;Hunt Valley, Maryland;20/03/2003;63754;1889
MNST;Monster Beverage;reports;Consumer Staples;3;Soft Drinks;Corona, California;28/06/2012;865752;2012 (1935)
MO;Altria Group;reports;Consumer Staples;3;Tobacco;Richmond, Virginia;04/03/1957;764180;1985
PEP;PepsiCo;reports;Consumer Staples;3;Soft Drinks;Purchase, New York;04/03/1957;77476;1898
PG;Procter & Gamble;reports;Consumer Staples;3;Personal Products;Cincinnati, Ohio;04/03/1957;80424;1837
PM;Philip Morris International;reports;Consumer Staples;3;Tobacco;New York City, New York;31/03/2008;1413329;2008 (1847)
SJM;JM Smucker;reports;Consumer Staples;3;Packaged Foods & Meats;Orrville, Ohio;06/11/2008;91419;1897
STZ;Constellation Brands;reports;Consumer Staples;3;Distillers & Vintners;Victor, New York;01/07/2005;16918;1945
SYY;Sysco;reports;Consumer Staples;3;Food Distributors;Houston, Texas;31/12/1986;96021;1969
TAP;Molson Coors;reports;Consumer Staples;3;Brewers;Chicago, Illinois;30/06/1976;24545;2005 (Molson 1786, Coors 1873)
TSN;Tyson Foods;reports;Consumer Staples;3;Packaged Foods & Meats;Springdale, Arkansas;10/08/2005;100493;1935
WBA;Walgreens Boots Alliance;reports;Consumer Staples;3;Drug Retail;Deerfield, Illinois;31/12/1979;1618921;2014
WMT;Walmart;reports;Consumer Staples;3;Hypermarkets & Super Centers;Bentonville, Arkansas;31/08/1982;104169;1962
AAP;Advance Auto Parts;reports;Consumer Discretionary;2;Automotive Retail;Raleigh, North Carolina;09/07/2015;1158449;1932
AMZN;Amazon;reports;Consumer Discretionary;2;Internet & Direct Marketing Retail;Seattle, Washington;18/11/2005;1018724;1994
APTV;Aptiv;reports;Consumer Discretionary;2;Auto Parts & Equipment;Dublin, Ireland;24/12/2012;1521332;1994
AZO;AutoZone;reports;Consumer Discretionary;2;Specialty Stores;Memphis, Tennessee;02/01/1997;866787;1979
BBWI;Bath & Body Works;reports;Consumer Discretionary;2;Specialty Stores;Columbus, Ohio;30/09/1983;701985;1963
BBY;Best Buy;reports;Consumer Discretionary;2;Computer & Electronics Retail;Richfield, Minnesota;29/06/1999;764478;1966
BKNG;Booking Holdings;reports;Consumer Discretionary;2;Internet & Direct Marketing Retail;Norwalk, Connecticut;06/11/2009;1075531;1996
BWA;BorgWarner;reports;Consumer Discretionary;2;Auto Parts & Equipment;Auburn Hills, Michigan;19/12/2011;908255;1880
CCL;Carnival Corporation;reports;Consumer Discretionary;2;Hotels, Resorts & Cruise Lines;Miami, Florida;22/12/1998;815097;1972
CMG;Chipotle Mexican Grill;reports;Consumer Discretionary;2;Restaurants;Newport Beach, California;28/04/2011;1058090;1993
CZR;Caesars Entertainment;reports;Consumer Discretionary;2;Casinos & Gaming;Reno, Nevada;22/03/2021;1590895;1973
DG;Dollar General;reports;Consumer Discretionary;2;General Merchandise Stores;Goodlettsville, Tennessee;03/12/2012;29534;1939
DHI;D. R. Horton;reports;Consumer Discretionary;2;Homebuilding;Arlington, Texas;22/06/2005;882184;1978
DLTR;Dollar Tree;reports;Consumer Discretionary;2;General Merchandise Stores;Chesapeake, Virginia;19/12/2011;935703;1986
DPZ;Domino's Pizza;reports;Consumer Discretionary;2;Restaurants;Ann Arbor, Michigan;12/05/2020;1286681;1960
DRI;Darden Restaurants;reports;Consumer Discretionary;2;Restaurants;Orlando, Florida;;940944;1938
EBAY;eBay;reports;Consumer Discretionary;2;Internet & Direct Marketing Retail;San Jose, California;22/07/2002;1065088;1995
ETSY;Etsy;reports;Consumer Discretionary;2;Internet & Direct Marketing Retail;New York City, New York;21/09/2020;1370637;2005
EXPE;Expedia Group;reports;Consumer Discretionary;2;Internet & Direct Marketing Retail;Seattle, Washington;02/10/2007;1324424;1996
F;Ford;reports;Consumer Discretionary;2;Automobile Manufacturers;Dearborn, Michigan;04/03/1957;37996;1903
GM;General Motors;reports;Consumer Discretionary;2;Automobile Manufacturers;Detroit, Michigan;06/06/2013;1467858;1908
GPC;Genuine Parts;reports;Consumer Discretionary;2;Specialty Stores;Atlanta, Georgia;31/12/1973;40987;1925
GPS;Gap;reports;Consumer Discretionary;2;Apparel Retail;San Francisco, California;31/08/1986;39911;1969
GRMN;Garmin;reports;Consumer Discretionary;2;Consumer Electronics;Schaffhausen, Switzerland;12/12/2012;1121788;1989
HAS;Hasbro;reports;Consumer Discretionary;2;Leisure Products;Pawtucket, Rhode Island;30/09/1984;46080;1923
HBI;Hanesbrands;reports;Consumer Discretionary;2;Apparel, Accessories & Luxury Goods;Winston-Salem, North Carolina;20/03/2015;1359841;2000
HD;Home Depot;reports;Consumer Discretionary;2;Home Improvement Retail;Atlanta, Georgia;31/03/1988;354950;1978
HLT;Hilton Worldwide;reports;Consumer Discretionary;2;Hotels, Resorts & Cruise Lines;Tysons Corner, Virginia;19/06/2017;1585689;1919
KMX;CarMax;reports;Consumer Discretionary;2;Specialty Stores;Richmond, Virginia;28/06/2010;1170010;1993
LEG;Leggett & Platt;reports;Consumer Discretionary;2;Home Furnishings;Carthage, Missouri;14/10/1999;58492;1883
LEN;Lennar;reports;Consumer Discretionary;2;Homebuilding;Miami, Florida;04/10/2005;920760;1954
LKQ;LKQ Corporation;reports;Consumer Discretionary;2;Distributors;Chicago, Illinois;23/05/2016;1065696;1998
LOW;Lowe's;reports;Consumer Discretionary;2;Home Improvement Retail;Mooresville, North Carolina;29/02/1984;60667;1904/1946/1959
LVS;Las Vegas Sands;reports;Consumer Discretionary;2;Casinos & Gaming;Las Vegas, Nevada;03/10/2019;1300514;1988
MAR;Marriott International;reports;Consumer Discretionary;2;Hotels, Resorts & Cruise Lines;Bethesda, Maryland;;1048286;1927
MCD;McDonald's;reports;Consumer Discretionary;2;Restaurants;Chicago, Illinois;30/06/1970;63908;1940
MGM;MGM Resorts International;reports;Consumer Discretionary;2;Casinos & Gaming;Paradise, Nevada;26/07/2017;789570;1986
MHK;Mohawk Industries;reports;Consumer Discretionary;2;Home Furnishings;Calhoun, Georgia;23/12/2013;851968;1878
NCLH;Norwegian Cruise Line Holdings;reports;Consumer Discretionary;2;Hotels, Resorts & Cruise Lines;Miami, Florida;13/10/2017;1513761;2011 (1966)
NKE;Nike;reports;Consumer Discretionary;2;Apparel, Accessories & Luxury Goods;Washington County, Oregon;30/11/1988;320187;1964
NVR;NVR;reports;Consumer Discretionary;2;Homebuilding;Reston, Virginia;26/09/2019;906163;1980
NWL;Newell Brands;reports;Consumer Discretionary;2;Housewares & Specialties;Atlanta, Georgia;30/04/1989;814453;1903
ORLY;O'Reilly Automotive;reports;Consumer Discretionary;2;Specialty Stores;Springfield, Missouri;27/03/2009;898173;1957
PENN;Penn National Gaming;reports;Consumer Discretionary;2;Casinos & Gaming;Wyomissing, Pennsylvania;22/03/2021;921738;1972
PHM;PulteGroup;reports;Consumer Discretionary;2;Homebuilding;Atlanta, Georgia;30/04/1984;822416;1956
POOL;Pool Corporation;reports;Consumer Discretionary;2;Distributors;Covington, Louisiana;07/10/2020;945841;1993
PVH;PVH;reports;Consumer Discretionary;2;Apparel, Accessories & Luxury Goods;New York City, New York;15/02/2013;78239;1881
RCL;Royal Caribbean Group;reports;Consumer Discretionary;2;Hotels, Resorts & Cruise Lines;Miami, Florida;05/12/2014;884887;1997
RL;Ralph Lauren Corporation;reports;Consumer Discretionary;2;Apparel, Accessories & Luxury Goods;New York City, New York;02/02/2007;1037038;1967
ROST;Ross Stores;reports;Consumer Discretionary;2;Apparel Retail;Dublin, California;21/12/2009;745732;1982
SBUX;Starbucks;reports;Consumer Discretionary;2;Restaurants;Seattle, Washington;;829224;1971
TGT;Target;reports;Consumer Discretionary;2;General Merchandise Stores;Minneapolis, Minnesota;31/12/1976;27419;1902
TJX;TJX Companies;reports;Consumer Discretionary;2;Apparel Retail;Framingham, Massachusetts;30/09/1985;109198;1987
TPR;Tapestry;reports;Consumer Discretionary;2;Apparel, Accessories & Luxury Goods;New York City, New York;;1116132;2017
TSCO;Tractor Supply Company;reports;Consumer Discretionary;2;Specialty Stores;Brentwood, Tennessee;24/01/2014;916365;1938
TSLA;Tesla;reports;Consumer Discretionary;2;Automobile Manufacturers;Palo Alto, California;21/12/2020;1318605;2003
UA;Under Armour (Class C);reports;Consumer Discretionary;2;Apparel, Accessories & Luxury Goods;Baltimore, Maryland;08/04/2016;1336917;1996
UAA;Under Armour (Class A);reports;Consumer Discretionary;2;Apparel, Accessories & Luxury Goods;Baltimore, Maryland;01/05/2014;1336917;1996
ULTA;Ulta Beauty;reports;Consumer Discretionary;2;Specialty Stores;Bolingbrook, Illinois;18/04/2016;1403568;1990
VFC;VF Corporation;reports;Consumer Discretionary;2;Apparel, Accessories & Luxury Goods;Denver, Colorado;30/06/1979;103379;1899
WHR;Whirlpool Corporation;reports;Consumer Discretionary;2;Household Appliances;Benton Harbor, Michigan;;106640;1911
WYNN;Wynn Resorts;reports;Consumer Discretionary;2;Casinos & Gaming;Paradise, Nevada;14/11/2008;1174922;2002
YUM;Yum! Brands;reports;Consumer Discretionary;2;Restaurants;Louisville, Kentucky;06/10/1997;1041061;1997
ATVI;Activision Blizzard;reports;Communication Services;1;Interactive Home Entertainment;Santa Monica, California;31/08/2015;718877;2008
CHTR;Charter Communications;reports;Communication Services;1;Cable & Satellite;Stamford, Connecticut;08/09/2016;1091667;1993
CMCSA;Comcast;reports;Communication Services;1;Cable & Satellite;Philadelphia, Pennsylvania;19/11/2002;1166691;1963
DIS;The Walt Disney Company;reports;Communication Services;1;Movies & Entertainment;Burbank, California;30/06/1976;1744489;1923
DISCA;Discovery (Series A);reports;Communication Services;1;Broadcasting;New York City, New York;01/03/2010;1437107;1985
DISCK;Discovery (Series C);reports;Communication Services;1;Broadcasting;New York City, New York;07/08/2014;1437107;1985
DISH;Dish Network;reports;Communication Services;1;Cable & Satellite;Meridian, Colorado;13/03/2017;1001082;1980
EA;Electronic Arts;reports;Communication Services;1;Interactive Home Entertainment;Redwood City, California;22/07/2002;712515;1982
FB;Meta Platforms;reports;Communication Services;1;Interactive Media & Services;Menlo Park, California;23/12/2013;1326801;2004
FOX;Fox Corporation (Class B);reports;Communication Services;1;Movies & Entertainment;New York City, New York;18/09/2015;1754301;2019
FOXA;Fox Corporation (Class A);reports;Communication Services;1;Movies & Entertainment;New York City, New York;01/07/2013;1754301;2019
GOOG;Alphabet (Class C);reports;Communication Services;1;Interactive Media & Services;Mountain View, California;03/04/2006;1652044;1998
GOOGL;Alphabet (Class A);reports;Communication Services;1;Interactive Media & Services;Mountain View, California;03/04/2014;1652044;1998
IPG;Interpublic Group;reports;Communication Services;1;Advertising;New York City, New York;01/10/1992;51644;1961 (1930)
LUMN;Lumen Technologies;reports;Communication Services;1;Alternative Carriers;Monroe, Louisiana;25/03/1999;18926;1983 (1877)
LYV;Live Nation Entertainment;reports;Communication Services;1;Movies & Entertainment;Beverly Hills, California;23/12/2019;1335258;2010
MTCH;Match Group;reports;Communication Services;1;Interactive Media & Services;Dallas, Texas;20/09/2021;891103;1986
NFLX;Netflix;reports;Communication Services;1;Movies & Entertainment;Los Gatos, California;20/12/2010;1065280;1997
NWS;News Corp (Class B);reports;Communication Services;1;Publishing;New York City, New York;18/09/2015;1564708;2013 (1980)
NWSA;News Corp (Class A);reports;Communication Services;1;Publishing;New York City, New York;01/08/2013;1564708;2013 (1980)
OMC;Omnicom Group;reports;Communication Services;1;Advertising;New York City, New York;;29989;1986
T;AT&T;reports;Communication Services;1;Integrated Telecommunication Services;Dallas, Texas;1983-11-30 (1957-03-04);732717;1983 (1885)
TMUS;T-Mobile US;reports;Communication Services;1;Wireless Telecommunication Services;Bellevue, Washington;15/07/2019;1283699;1994
TTWO;Take-Two Interactive;reports;Communication Services;1;Interactive Home Entertainment;New York City, New York;19/03/2018;946581;1993
TWTR;Twitter;reports;Communication Services;1;Interactive Media & Services;San Francisco, California;07/06/2018;1418091;2006
VIAC;ViacomCBS;reports;Communication Services;1;Movies & Entertainment;New York City, New York;;813828;2019 (1952)
VZ;Verizon Communications;reports;Communication Services;1;Integrated Telecommunication Services;New York City, New York;30/11/1983;732712;1983 (1877)
